iter	MultiClass
0	2.581057736
1	2.454639167
2	2.361232178
